<?xml version="1.0" encoding="utf-8"?>
<?xml-stylesheet type='text/xsl' href='ConversionLogFile.xsl'?>
<LogFile projectName="Proyecto Modbus_V13_SP1" typeText="Tipo" messageText="Mensaje" timeText="Hora">
  <MessageCell ServiceId="80" MessageId="30" MessageClass="Information" Timestamp="17/11/2015 10:03:25">
    <Number ServiceNumber="80" MessageNumber="30" />
    <Text FeedbackText="Actualización iniciada" />
    <Help HelpId="-1" />
  </MessageCell>
  <MessageCell ServiceId="80" MessageId="30" MessageClass="Information" Timestamp="17/11/2015 10:03:25">
    <Number ServiceNumber="80" MessageNumber="30" />
    <Text FeedbackText="Leyendo información de la librería o el proyecto anterior." />
    <Help HelpId="-1" />
  </MessageCell>
  <MessageCell ServiceId="80" MessageId="30" MessageClass="Information" Timestamp="17/11/2015 10:03:37">
    <Number ServiceNumber="80" MessageNumber="30" />
    <Text FeedbackText="Actualizando librería o proyecto nuevo." />
    <Help HelpId="-1" />
  </MessageCell>
  <MessageCell ServiceId="80" MessageId="30" MessageClass="Information" Timestamp="17/11/2015 10:03:48">
    <Number ServiceNumber="80" MessageNumber="30" />
    <Text FeedbackText="Actualizando librería o proyecto nuevo." />
    <Help HelpId="-1" />
  </MessageCell>
  <Details ServiceId="80" MessageId="30" Timestamp="17/11/2015 10:03:52" Debug="false">
    <Text>Preparando conversión del programa S7 para la CPU "PLC_1".</Text>
  </Details>
  <Details ServiceId="80" MessageId="30" Timestamp="17/11/2015 10:04:04" Debug="false">
    <Text>Conversión finalizada.</Text>
  </Details>
  <Details ServiceId="80" MessageId="30" Timestamp="17/11/2015 10:04:16" Debug="false">
    <Text>El programa S7 se está convirtiendo para la CPU "PLC_1".</Text>
  </Details>
  <MessageCell ServiceId="80" MessageId="30" MessageClass="Information" Timestamp="17/11/2015 10:04:25">
    <Number ServiceNumber="80" MessageNumber="30" />
    <Text FeedbackText="Convirtiendo tabla de observación 'Forcetabelle'." />
    <Help HelpId="-1" />
  </MessageCell>
  <Details ServiceId="80" MessageId="30" Timestamp="17/11/2015 10:04:25" Debug="false">
    <Text>Conversión finalizada.</Text>
  </Details>
  <Details ServiceId="80" MessageId="30" Timestamp="17/11/2015 10:04:25" Debug="false">
    <Text>Preparando conversión del programa S7 para la CPU "PLC_1".</Text>
  </Details>
  <Details ServiceId="80" MessageId="30" Timestamp="17/11/2015 10:04:25" Debug="false">
    <Text>Conversión finalizada.</Text>
  </Details>
  <Details ServiceId="80" MessageId="30" Timestamp="17/11/2015 10:04:25" Debug="false">
    <Text>El programa S7 se está convirtiendo para la CPU "PLC_1".</Text>
  </Details>
  <Details ServiceId="80" MessageId="30" Timestamp="17/11/2015 10:04:26" Debug="false">
    <Text>Conversión finalizada.</Text>
  </Details>
  <Details ServiceId="80" MessageId="30" Timestamp="17/11/2015 10:04:26" Debug="false">
    <Text>Preparando conversión del programa S7 para la CPU "PLC_1".</Text>
  </Details>
  <Details ServiceId="80" MessageId="30" Timestamp="17/11/2015 10:04:26" Debug="false">
    <Text>Conversión finalizada.</Text>
  </Details>
  <Details ServiceId="80" MessageId="30" Timestamp="17/11/2015 10:04:26" Debug="false">
    <Text>El programa S7 se está convirtiendo para la CPU "PLC_1".</Text>
  </Details>
  <Details ServiceId="80" MessageId="30" Timestamp="17/11/2015 10:04:31" Debug="false">
    <Text>Conversión finalizada.</Text>
  </Details>
  <MessageCell ServiceId="80" MessageId="30" MessageClass="Information" Timestamp="17/11/2015 10:04:40">
    <Number ServiceNumber="80" MessageNumber="30" />
    <Text FeedbackText="Actualizando librería o proyecto nuevo." />
    <Help HelpId="-1" />
  </MessageCell>
  <MessageCell ServiceId="80" MessageId="30" MessageClass="Information" Timestamp="17/11/2015 10:04:40">
    <Number ServiceNumber="80" MessageNumber="30" />
    <Text FeedbackText="Guardando la librería o el proyecto actualizado." />
    <Help HelpId="-1" />
  </MessageCell>
  <MessageCell ServiceId="Automation-ObjectFrame-Feedbacks" MessageId="ConversionInfoTabProjectSucceeded" MessageClass="Success" Timestamp="17/11/2015 10:04:41">
    <Number ServiceNumber="80" MessageNumber="34" />
    <Text FeedbackText="El proyecto 'Proyecto Modbus' se ha actualizado correctamente y se ha guardado como proyecto 'Proyecto Modbus_V13_SP1'." />
    <Help HelpId="-1" HelpFile="" />
  </MessageCell>
</LogFile>